F:\PHOTOS_TO_MERGE
F:\PHOTOS_TO_MERGE/2007-07-25_mv_and_pointlookout
F:\PHOTOS_TO_MERGE/Disneyland_Paris_07
F:\PHOTOS_TO_MERGE/Disneyland_Paris_07/Disney_Paris
F:\PHOTOS_TO_MERGE/Disneyland_Paris_07/pics_from_nancy_iphone_20071206/100APPLE
F:\PHOTOS_TO_MERGE/FROM_NANCYLAP_200711
F:\PHOTOS_TO_MERGE/FROM_NANCYLAP_200711/Benjamin_calendar
F:\PHOTOS_TO_MERGE/FROM_NANCYLAP_200711/Boo's_visit_October_2007
F:\PHOTOS_TO_MERGE/FROM_NANCYLAP_200711/Disney_07
F:\PHOTOS_TO_MERGE/FROM_NANCYLAP_200711/Disney_07/Copy
F:\PHOTOS_TO_MERGE/FROM_NANCYLAP_200711/Halloween_07
F:\PHOTOS_TO_MERGE/FROM_NANCYLAP_200711/Halloween_Parties
F:\PHOTOS_TO_MERGE/FROM_NANCYLAP_200711/Halloween_Parties/Halloween_2007
F:\PHOTOS_TO_MERGE/FROM_NANCYLAP_200711/Halloween_Parties/Halloween_all_2006
F:\PHOTOS_TO_MERGE/FROM_NANCYLAP_200711/Halloween_Parties/Hunenberg_Halloween_2006
F:\PHOTOS_TO_MERGE/FROM_NANCYLAP_200711/Halloween_Parties/IM&Ks_club
F:\PHOTOS_TO_MERGE/FROM_NANCYLAP_200711/Misc_photos
F:\PHOTOS_TO_MERGE/FROM_NANCYLAP_200711/N_birthday_07
F:\PHOTOS_TO_MERGE/FROM_NANCYLAP_200711/Pictures
F:\PHOTOS_TO_MERGE/FROM_NANCYLAP_200711/Pictures/April_07_Tierpark
F:\PHOTOS_TO_MERGE/FROM_NANCYLAP_200711/Pictures/April_2007
F:\PHOTOS_TO_MERGE/FROM_NANCYLAP_200711/Pictures/Austria
F:\PHOTOS_TO_MERGE/FROM_NANCYLAP_200711/Pictures/Austria/Original
F:\PHOTOS_TO_MERGE/FROM_NANCYLAP_200711/Pictures/Burg_Dubai_small
F:\PHOTOS_TO_MERGE/FROM_NANCYLAP_200711/Pictures/Easter
F:\PHOTOS_TO_MERGE/FROM_NANCYLAP_200711/Pictures/Easter_2006_First_communion
F:\PHOTOS_TO_MERGE/FROM_NANCYLAP_200711/Pictures/Holly_2006
F:\PHOTOS_TO_MERGE/FROM_NANCYLAP_200711/Pictures/June_2006
F:\PHOTOS_TO_MERGE/FROM_NANCYLAP_200711/Pictures/June_2006/June_2006
F:\PHOTOS_TO_MERGE/FROM_NANCYLAP_200711/Pictures/June_and_TJ_birthday
F:\PHOTOS_TO_MERGE/FROM_NANCYLAP_200711/Pictures/Katerina's_B-day_2007
F:\PHOTOS_TO_MERGE/FROM_NANCYLAP_200711/Pictures/New_incred
F:\PHOTOS_TO_MERGE/FROM_NANCYLAP_200711/Pictures/Original_Bobby_announcements
F:\PHOTOS_TO_MERGE/FROM_NANCYLAP_200711/Pictures/Point_Lookout_2007/Bubble_Show,_NYC
F:\PHOTOS_TO_MERGE/FROM_NANCYLAP_200711/Pictures/Point_Lookout_2007/Copies/Copy_Jen_and_Peter_E/Peter_and_Jen_Happy_Engagement
F:\PHOTOS_TO_MERGE/FROM_NANCYLAP_200711/Pictures/Point_Lookout_2007/Copies/PLO_07_copy/Point_look_out_2007
F:\PHOTOS_TO_MERGE/FROM_NANCYLAP_200711/Pictures/Point_Lookout_2007/PLO_Aug_7,_2007
F:\PHOTOS_TO_MERGE/FROM_NANCYLAP_200711/Pictures/Point_Lookout_2007/PLO_Beach_RNKTB
F:\PHOTOS_TO_MERGE/FROM_NANCYLAP_200711/Pictures/Point_Lookout_2007/PLO_Spiderman
F:\PHOTOS_TO_MERGE/FROM_NANCYLAP_200711/Pictures/Point_Lookout_2007/PLO_beach_last_week
F:\PHOTOS_TO_MERGE/FROM_NANCYLAP_200711/Pictures/Point_Lookout_2007/PLO_beach_last_week/Copy
F:\PHOTOS_TO_MERGE/FROM_NANCYLAP_200711/Pictures/Point_Lookout_2007/Peter_and_Jen_Happy_Engagement
F:\PHOTOS_TO_MERGE/FROM_NANCYLAP_200711/Pictures/Point_Lookout_2007/Sent/Sent_to_Nano
F:\PHOTOS_TO_MERGE/FROM_NANCYLAP_200711/Pictures/Point_Lookout_2007/Sent/Sent_to_Zug_friends
F:\PHOTOS_TO_MERGE/FROM_NANCYLAP_200711/Pictures/Point_Lookout_2007/grans_200708_n_plookout/100NCD50
F:\PHOTOS_TO_MERGE/FROM_NANCYLAP_200711/Pictures/Point_Lookout_2007/maz_charity_challenge_pics/101MSDCF
F:\PHOTOS_TO_MERGE/FROM_NANCYLAP_200711/Pictures/Point_Lookout_2007/photos_from_20070713
F:\PHOTOS_TO_MERGE/FROM_NANCYLAP_200711/Pictures/Point_Lookout_2007/summer_2007_pics
F:\PHOTOS_TO_MERGE/FROM_NANCYLAP_200711/Pictures/Point_Lookout_2007/summer_2007_pics/Misc._summer_07
F:\PHOTOS_TO_MERGE/FROM_NANCYLAP_200711/Pictures/Point_Lookout_2007/summer_2007_pics/PLO_Ocean_Aug_26,_2007
F:\PHOTOS_TO_MERGE/FROM_NANCYLAP_200711/Pictures/Point_Lookout_2007/summer_2007_pics/PL_20070829_last_night_photos/100NCD50
F:\PHOTOS_TO_MERGE/FROM_NANCYLAP_200711/Pictures/Point_Lookout_2007/summer_2007_pics/Pictures_to_print
F:\PHOTOS_TO_MERGE/FROM_NANCYLAP_200711/Pictures/Point_Lookout_2007/summer_2007_pics/Print2
F:\PHOTOS_TO_MERGE/FROM_NANCYLAP_200711/Pictures/Point_Lookout_2007/summer_2007_pics/Print_3
F:\PHOTOS_TO_MERGE/FROM_NANCYLAP_200711/Pictures/Point_Lookout_2007/summer_2007_pics/Sent_to_Nano
F:\PHOTOS_TO_MERGE/FROM_NANCYLAP_200711/Pictures/Point_Lookout_2007/summer_2007_pics/Sent_to_Zug_friends
F:\PHOTOS_TO_MERGE/FROM_NANCYLAP_200711/Pictures/Point_Lookout_2007/summer_2007_pics/US_Open_2007
F:\PHOTOS_TO_MERGE/FROM_NANCYLAP_200711/Pictures/Point_Lookout_2007/summer_2007_pics/jen_pete_party
F:\PHOTOS_TO_MERGE/FROM_NANCYLAP_200711/Pictures/Point_Lookout_2007/summer_2007_pics/jen_pete_party/100NCD50
F:\PHOTOS_TO_MERGE/FROM_NANCYLAP_200711/Pictures/Point_Lookout_2007/summer_2007_pics/us_open_2007_n_pl_beach_last_day
F:\PHOTOS_TO_MERGE/FROM_NANCYLAP_200711/Pictures/TJ_4th_Birthday_Party
F:\PHOTOS_TO_MERGE/FROM_NANCYLAP_200711/Pictures/Torino_06_Closing_Ceremony_26feb06
F:\PHOTOS_TO_MERGE/FROM_NANCYLAP_200711/Pictures/bobby_in_surf_w_rob_n_ronnie
F:\PHOTOS_TO_MERGE/FROM_NANCYLAP_200711/Pictures/bobby_photos_w_tj_n_kat
F:\PHOTOS_TO_MERGE/FROM_NANCYLAP_200711/Pictures/burj_dubai
F:\PHOTOS_TO_MERGE/FROM_NANCYLAP_200711/Pictures/copy_us_open/US_Open_2007
F:\PHOTOS_TO_MERGE/FROM_NANCYLAP_200711/Pictures/newest_photos_nikon_20070528
F:\PHOTOS_TO_MERGE/FROM_NANCYLAP_200711/Pictures/newest_photos_nikon_20070528/Easter_2007
F:\PHOTOS_TO_MERGE/FROM_NANCYLAP_200711/Pictures/newest_photos_nikon_20070528/katty_bday_20070528
F:\PHOTOS_TO_MERGE/FROM_NANCYLAP_200711/Pictures/newest_photos_nikon_20070528/katty_soccer_game_200705
F:\PHOTOS_TO_MERGE/FROM_NANCYLAP_200711/Pictures/newest_photos_nikon_20070528/tj_bike_200704
F:\PHOTOS_TO_MERGE/FROM_NANCYLAP_200711/Pictures/newest_photos_nikon_20070528/tj_bobby_200704_huobrain_garden
F:\PHOTOS_TO_MERGE/FROM_NANCYLAP_200711/Pictures/newest_photos_nikon_20070528/tj_bobby_katty_200704_huob
F:\PHOTOS_TO_MERGE/FROM_NANCYLAP_200711/Pictures/olympics_200602
F:\PHOTOS_TO_MERGE/FROM_NANCYLAP_200711/Pictures/olympics_copy
F:\PHOTOS_TO_MERGE/FROM_NANCYLAP_200711/Pictures/photos_200607
F:\PHOTOS_TO_MERGE/FROM_NANCYLAP_200711/Pictures/photos_200607/100_PANA
F:\PHOTOS_TO_MERGE/FROM_NANCYLAP_200711/Pictures/photos_3_kids_20060312
F:\PHOTOS_TO_MERGE/FROM_NANCYLAP_200711/Pictures/photos_imn_cham_April_06
F:\PHOTOS_TO_MERGE/FROM_NANCYLAP_200711/Pictures/rosseland_kids_on_beach_200608
F:\PHOTOS_TO_MERGE/FROM_NANCYLAP_200711/Pictures/rosseland_kids_on_beach_200608/pats/124CANON
F:\PHOTOS_TO_MERGE/FROM_NANCYLAP_200711/Pictures/rosseland_kids_on_beach_200608/pats/125CANON
F:\PHOTOS_TO_MERGE/FROM_NANCYLAP_200711/Pictures/rosseland_kids_on_beach_200608/pats/126CANON
F:\PHOTOS_TO_MERGE/FROM_NANCYLAP_200711/Pictures/rosseland_kids_on_beach_200608/pats/127CANON
F:\PHOTOS_TO_MERGE/FROM_NANCYLAP_200711/Pictures/serfaus_photos_from_sony
F:\PHOTOS_TO_MERGE/FROM_NANCYLAP_200711/Pictures/serfaus_photos_from_sony/pics_only
F:\PHOTOS_TO_MERGE/FROM_NANCYLAP_200711/Pictures/small_burj_dubai
F:\PHOTOS_TO_MERGE/FROM_NANCYLAP_200711/Pictures/triathalon_nancy_2007
F:\PHOTOS_TO_MERGE/FROM_NANCYLAP_200711/Pictures/xmas_2006_cham
F:\PHOTOS_TO_MERGE/FROM_NANCYLAP_200711/PicturesN
F:\PHOTOS_TO_MERGE/FROM_NANCYLAP_200711/PicturesN/April_photos_in_cham_06
F:\PHOTOS_TO_MERGE/FROM_NANCYLAP_200711/PicturesN/April_photos_in_cham_06/New_York_March_07
F:\PHOTOS_TO_MERGE/FROM_NANCYLAP_200711/PicturesN/April_photos_in_cham_06/New_York_March_07/Original
F:\PHOTOS_TO_MERGE/FROM_NANCYLAP_200711/PicturesN/Bobby_Christening
F:\PHOTOS_TO_MERGE/FROM_NANCYLAP_200711/PicturesN/Bobby_Christening/Original
F:\PHOTOS_TO_MERGE/FROM_NANCYLAP_200711/PicturesN/Bobby_Christening_2
F:\PHOTOS_TO_MERGE/FROM_NANCYLAP_200711/PicturesN/Bobby_announcement
F:\PHOTOS_TO_MERGE/FROM_NANCYLAP_200711/PicturesN/Bobby_announcements_Original
F:\PHOTOS_TO_MERGE/FROM_NANCYLAP_200711/PicturesN/Bobby_edited
F:\PHOTOS_TO_MERGE/FROM_NANCYLAP_200711/PicturesN/Bobby_original
F:\PHOTOS_TO_MERGE/FROM_NANCYLAP_200711/PicturesN/Boo
F:\PHOTOS_TO_MERGE/FROM_NANCYLAP_200711/PicturesN/Boo/Boo_Calendar
F:\PHOTOS_TO_MERGE/FROM_NANCYLAP_200711/PicturesN/Boo/Boo_Calendar/Calendar_final
F:\PHOTOS_TO_MERGE/FROM_NANCYLAP_200711/PicturesN/Boys_Feb_07
F:\PHOTOS_TO_MERGE/FROM_NANCYLAP_200711/PicturesN/Burj
F:\PHOTOS_TO_MERGE/FROM_NANCYLAP_200711/PicturesN/Christmas_and_Bobby's_1st_Birthday_2006
F:\PHOTOS_TO_MERGE/FROM_NANCYLAP_200711/PicturesN/Christmas_and_Bobby's_1st_Birthday_2006/Original
F:\PHOTOS_TO_MERGE/FROM_NANCYLAP_200711/PicturesN/December_06
F:\PHOTOS_TO_MERGE/FROM_NANCYLAP_200711/PicturesN/December_2006
F:\PHOTOS_TO_MERGE/FROM_NANCYLAP_200711/PicturesN/Easter_2006/Easter
F:\PHOTOS_TO_MERGE/FROM_NANCYLAP_200711/PicturesN/Easter_2006/Easter_2006_First_communion
F:\PHOTOS_TO_MERGE/FROM_NANCYLAP_200711/PicturesN/Easter_2007
F:\PHOTOS_TO_MERGE/FROM_NANCYLAP_200711/PicturesN/Jacket
F:\PHOTOS_TO_MERGE/FROM_NANCYLAP_200711/PicturesN/Jacket/Jacket2
F:\PHOTOS_TO_MERGE/FROM_NANCYLAP_200711/PicturesN/Jan_2007
F:\PHOTOS_TO_MERGE/FROM_NANCYLAP_200711/PicturesN/Jan_2007/original
F:\PHOTOS_TO_MERGE/FROM_NANCYLAP_200711/PicturesN/June_2006
F:\PHOTOS_TO_MERGE/FROM_NANCYLAP_200711/PicturesN/June_2006_2/June_2006bu
F:\PHOTOS_TO_MERGE/FROM_NANCYLAP_200711/PicturesN/Kids_Feb_2006
F:\PHOTOS_TO_MERGE/FROM_NANCYLAP_200711/PicturesN/MV_and_LB_2006
F:\PHOTOS_TO_MERGE/FROM_NANCYLAP_200711/PicturesN/March_07_Swiss
F:\PHOTOS_TO_MERGE/FROM_NANCYLAP_200711/PicturesN/March_2006
F:\PHOTOS_TO_MERGE/FROM_NANCYLAP_200711/PicturesN/March_2006_Edited
F:\PHOTOS_TO_MERGE/FROM_NANCYLAP_200711/PicturesN/March_and_Easter_2007
F:\PHOTOS_TO_MERGE/FROM_NANCYLAP_200711/PicturesN/March_and_Easter_2007/Sent
F:\PHOTOS_TO_MERGE/FROM_NANCYLAP_200711/PicturesN/May_2006
F:\PHOTOS_TO_MERGE/FROM_NANCYLAP_200711/PicturesN/May_2006_2
F:\PHOTOS_TO_MERGE/FROM_NANCYLAP_200711/PicturesN/May_2006_Ronnie
F:\PHOTOS_TO_MERGE/FROM_NANCYLAP_200711/PicturesN/Misc_photos
F:\PHOTOS_TO_MERGE/FROM_NANCYLAP_200711/PicturesN/Nancy's_phone
F:\PHOTOS_TO_MERGE/FROM_NANCYLAP_200711/PicturesN/Nancy_1970-1985
F:\PHOTOS_TO_MERGE/FROM_NANCYLAP_200711/PicturesN/Nancy_and_Rob
F:\PHOTOS_TO_MERGE/FROM_NANCYLAP_200711/PicturesN/Nancy_and_Rob/Burg_Dubai_small
F:\PHOTOS_TO_MERGE/FROM_NANCYLAP_200711/PicturesN/Nancy_and_Rob/Burj_Dubai
F:\PHOTOS_TO_MERGE/FROM_NANCYLAP_200711/PicturesN/Nancy_and_Rob_Gala
F:\PHOTOS_TO_MERGE/FROM_NANCYLAP_200711/PicturesN/Nancy_and_Rob_Gala/Original
F:\PHOTOS_TO_MERGE/FROM_NANCYLAP_200711/PicturesN/Nancy_and_Rob_Gala/Sent
F:\PHOTOS_TO_MERGE/FROM_NANCYLAP_200711/PicturesN/New_Baby_January_2006
F:\PHOTOS_TO_MERGE/FROM_NANCYLAP_200711/PicturesN/New_incred
F:\PHOTOS_TO_MERGE/FROM_NANCYLAP_200711/PicturesN/November_06
F:\PHOTOS_TO_MERGE/FROM_NANCYLAP_200711/PicturesN/October_2006
F:\PHOTOS_TO_MERGE/FROM_NANCYLAP_200711/PicturesN/Olympics
F:\PHOTOS_TO_MERGE/FROM_NANCYLAP_200711/PicturesN/Olympics/Torino_06_Closing_Ceremony_26feb06
F:\PHOTOS_TO_MERGE/FROM_NANCYLAP_200711/PicturesN/Olympics/olympics_200602
F:\PHOTOS_TO_MERGE/FROM_NANCYLAP_200711/PicturesN/Olympics/olympics_copy
F:\PHOTOS_TO_MERGE/FROM_NANCYLAP_200711/PicturesN/Ronnie
F:\PHOTOS_TO_MERGE/FROM_NANCYLAP_200711/PicturesN/Sent_pictures
F:\PHOTOS_TO_MERGE/FROM_NANCYLAP_200711/PicturesN/September_2006
F:\PHOTOS_TO_MERGE/FROM_NANCYLAP_200711/PicturesN/September_2006/Sept_06_copy
F:\PHOTOS_TO_MERGE/FROM_NANCYLAP_200711/PicturesN/September_2006/September_2006
F:\PHOTOS_TO_MERGE/FROM_NANCYLAP_200711/PicturesN/Skype_picture
F:\PHOTOS_TO_MERGE/FROM_NANCYLAP_200711/PicturesN/Summer_06
F:\PHOTOS_TO_MERGE/FROM_NANCYLAP_200711/PicturesN/Summer_photos_for_Boo_to_send
F:\PHOTOS_TO_MERGE/FROM_NANCYLAP_200711/PicturesN/Summer_photos_for_Boo_to_send/Resized_sent_to_Ron
F:\PHOTOS_TO_MERGE/FROM_NANCYLAP_200711/PicturesN/Summer_photos_for_Boo_to_send/Summer_2006
F:\PHOTOS_TO_MERGE/FROM_NANCYLAP_200711/PicturesN/Summer_photos_for_Boo_to_send/rosseland_kids_on_beach_200608
F:\PHOTOS_TO_MERGE/FROM_NANCYLAP_200711/PicturesN/Summer_photos_for_Boo_to_send/rosseland_kids_on_beach_200608/pats/124CANON
F:\PHOTOS_TO_MERGE/FROM_NANCYLAP_200711/PicturesN/Summer_photos_for_Boo_to_send/rosseland_kids_on_beach_200608/pats/125CANON
F:\PHOTOS_TO_MERGE/FROM_NANCYLAP_200711/PicturesN/Summer_photos_for_Boo_to_send/rosseland_kids_on_beach_200608/pats/126CANON
F:\PHOTOS_TO_MERGE/FROM_NANCYLAP_200711/PicturesN/Summer_photos_for_Boo_to_send/rosseland_kids_on_beach_200608/pats/127CANON
F:\PHOTOS_TO_MERGE/FROM_NANCYLAP_200711/PicturesN/Summer_photos_for_Boo_to_send/summer_pictures_fpr_Boo
F:\PHOTOS_TO_MERGE/FROM_NANCYLAP_200711/PicturesN/TJ_and_Bobby_edited
F:\PHOTOS_TO_MERGE/FROM_NANCYLAP_200711/PicturesN/TJ_and_Bobby_original
F:\PHOTOS_TO_MERGE/FROM_NANCYLAP_200711/PicturesN/TJ_and_Papa
F:\PHOTOS_TO_MERGE/FROM_NANCYLAP_200711/PicturesN/TJ_and_friends
F:\PHOTOS_TO_MERGE/FROM_NANCYLAP_200711/PicturesN/Verbier_House_2006
F:\PHOTOS_TO_MERGE/FROM_NANCYLAP_200711/PicturesN/Verbier_pictures
F:\PHOTOS_TO_MERGE/FROM_NANCYLAP_200711/PicturesN/Verbier_pictures/New_Folder
F:\PHOTOS_TO_MERGE/FROM_NANCYLAP_200711/PicturesN/Verbier_pictures/Original
F:\PHOTOS_TO_MERGE/FROM_NANCYLAP_200711/PicturesN/Verbier_pictures/after_xmas_2006
F:\PHOTOS_TO_MERGE/FROM_NANCYLAP_200711/PicturesN/Verbier_pictures/bobby_cookies_200701
F:\PHOTOS_TO_MERGE/FROM_NANCYLAP_200711/PicturesN/Wedding
F:\PHOTOS_TO_MERGE/FROM_NANCYLAP_200711/PicturesN/Wedding_pictures_to_print_actual
F:\PHOTOS_TO_MERGE/FROM_NANCYLAP_200711/PicturesN/bathtub_photos_tj_bobby_nancy
F:\PHOTOS_TO_MERGE/FROM_NANCYLAP_200711/PicturesN/bobby_hospital_photos
F:\PHOTOS_TO_MERGE/FROM_NANCYLAP_200711/PicturesN/bobby_hospital_photos/Baby_bobby_200512
F:\PHOTOS_TO_MERGE/FROM_NANCYLAP_200711/PicturesN/gran_cham_200604_easter_morn
F:\PHOTOS_TO_MERGE/FROM_NANCYLAP_200711/PicturesN/new_nancy_scanned_photos_1970_to_1985
F:\PHOTOS_TO_MERGE/FROM_NANCYLAP_200711/PicturesN/photos_3_kids_20060312
F:\PHOTOS_TO_MERGE/FROM_NANCYLAP_200711/PicturesN/shannon_movies
F:\PHOTOS_TO_MERGE/FROM_NANCYLAP_200711/PicturesN/wallet_size
F:\PHOTOS_TO_MERGE/FROM_NANCYLAP_200711/Pictures_katerina
F:\PHOTOS_TO_MERGE/FROM_NANCYLAP_200711/Pictures_to_Print_Dec._2007
F:\PHOTOS_TO_MERGE/FROM_NANCYLAP_200711/Pictures_to_print
F:\PHOTOS_TO_MERGE/FROM_NANCYLAP_200711/Pictures_to_print/Original
F:\PHOTOS_TO_MERGE/FROM_NANCYLAP_200711/Print_for_Boo_October
F:\PHOTOS_TO_MERGE/FROM_NANCYLAP_200711/Printed_pictures
F:\PHOTOS_TO_MERGE/FROM_NANCYLAP_200711/Printed_pictures/Home_printing
F:\PHOTOS_TO_MERGE/FROM_NANCYLAP_200711/Printed_pictures/New_Baby_Jan_06
F:\PHOTOS_TO_MERGE/FROM_NANCYLAP_200711/Printed_pictures/Torino
F:\PHOTOS_TO_MERGE/FROM_NANCYLAP_200711/Pumpkin_Farm_2007
F:\PHOTOS_TO_MERGE/FROM_NANCYLAP_200711/Ron_calendar
F:\PHOTOS_TO_MERGE/FROM_NANCYLAP_200711/Ron_calendar/1970-80
F:\PHOTOS_TO_MERGE/FROM_NANCYLAP_200711/Ron_calendar/1980-1990
F:\PHOTOS_TO_MERGE/FROM_NANCYLAP_200711/Ron_calendar/1990-2000
F:\PHOTOS_TO_MERGE/FROM_NANCYLAP_200711/Ron_calendar/2000-pres
F:\PHOTOS_TO_MERGE/FROM_NANCYLAP_200711/Ron_calendar/ronphotos_scanned
F:\PHOTOS_TO_MERGE/FROM_NANCYLAP_200711/Sent_Pictures/Christmas_card_2006
F:\PHOTOS_TO_MERGE/FROM_NANCYLAP_200711/Sent_Pictures/Sent_photos_bobby_christening
F:\PHOTOS_TO_MERGE/FROM_NANCYLAP_200711/Sent_Pictures/Sent_photos_bobby_christening/Photos_to_be_printed_online
F:\PHOTOS_TO_MERGE/FROM_NANCYLAP_200711/Sent_Pictures/Sent_to_Boo
F:\PHOTOS_TO_MERGE/FROM_NANCYLAP_200711/Sent_Pictures/Sent_to_Boo/Easter_07
F:\PHOTOS_TO_MERGE/FROM_NANCYLAP_200711/Sent_Pictures/Sent_to_Gran
F:\PHOTOS_TO_MERGE/FROM_NANCYLAP_200711/Sent_Pictures/Sent_to_Gran/Easter_07
F:\PHOTOS_TO_MERGE/FROM_NANCYLAP_200711/Sent_Pictures/Sent_to_Gran/Feb
F:\PHOTOS_TO_MERGE/FROM_NANCYLAP_200711/Sent_Pictures/Sent_to_Gran/Feb/Original
F:\PHOTOS_TO_MERGE/FROM_NANCYLAP_200711/Sent_Pictures/Sent_to_Gran/March
F:\PHOTOS_TO_MERGE/FROM_NANCYLAP_200711/Sent_Pictures/Sent_to_Nano
F:\PHOTOS_TO_MERGE/FROM_NANCYLAP_200711/Sent_Pictures/Sent_to_Nano/Easter_07
F:\PHOTOS_TO_MERGE/FROM_NANCYLAP_200711/Sent_Pictures/Sent_to_Nano/Misc
F:\PHOTOS_TO_MERGE/FROM_NANCYLAP_200711/Sent_Pictures/Sent_to_Peter
F:\PHOTOS_TO_MERGE/FROM_NANCYLAP_200711/Sent_Pictures/Sent_to_Peter/Easter_07
F:\PHOTOS_TO_MERGE/FROM_NANCYLAP_200711/Sent_Pictures/Sent_to_Ronnie
F:\PHOTOS_TO_MERGE/FROM_NANCYLAP_200711/Sent_Pictures/Sent_to_Ronnie/Easter_07
F:\PHOTOS_TO_MERGE/FROM_NANCYLAP_200711/Sent_Pictures/Sent_to_all
F:\PHOTOS_TO_MERGE/FROM_NANCYLAP_200711/Sent_Pictures/Sent_to_all/Superboys
F:\PHOTOS_TO_MERGE/FROM_NANCYLAP_200711/Superman_PJs
F:\PHOTOS_TO_MERGE/FROM_NANCYLAP_200711/after_xmas_2006
F:\PHOTOS_TO_MERGE/FROM_NANCYLAP_200711/bobby_cookies_200701
F:\PHOTOS_TO_MERGE/FROM_NANCYLAP_200711/bobby_cookies_200701/Hunenberg_Halloween_2006_smaller
F:\PHOTOS_TO_MERGE/FROM_NANCYLAP_200711/incred_card_files
F:\PHOTOS_TO_MERGE/FROM_NANCYLAP_200711/nancy_roseeland_childhood_photos/nancy_roseeland_childhood_photos
F:\PHOTOS_TO_MERGE/FROM_NANCYLAP_200711/photos_from_nokia/20071111
F:\PHOTOS_TO_MERGE/FROM_NANCYLAP_200711/photos_rob
F:\PHOTOS_TO_MERGE/FROM_NANCYLAP_200711/photos_rob/101MSDCF
F:\PHOTOS_TO_MERGE/FROM_NANCYLAP_200711/photos_rob/April_07_Tierpark
F:\PHOTOS_TO_MERGE/FROM_NANCYLAP_200711/photos_rob/April_2007
F:\PHOTOS_TO_MERGE/FROM_NANCYLAP_200711/photos_rob/Austria
F:\PHOTOS_TO_MERGE/FROM_NANCYLAP_200711/photos_rob/Austria/Original
F:\PHOTOS_TO_MERGE/FROM_NANCYLAP_200711/photos_rob/Bobby_Christening
F:\PHOTOS_TO_MERGE/FROM_NANCYLAP_200711/photos_rob/Bobby_Christening/Original
F:\PHOTOS_TO_MERGE/FROM_NANCYLAP_200711/photos_rob/December_2006_huobrain
F:\PHOTOS_TO_MERGE/FROM_NANCYLAP_200711/photos_rob/June_and_TJ_birthday
F:\PHOTOS_TO_MERGE/FROM_NANCYLAP_200711/photos_rob/Katerina's_B-day_2007
F:\PHOTOS_TO_MERGE/FROM_NANCYLAP_200711/photos_rob/Nancy_and_Rob_Gala
F:\PHOTOS_TO_MERGE/FROM_NANCYLAP_200711/photos_rob/Sent_photos_bobby_christening
F:\PHOTOS_TO_MERGE/FROM_NANCYLAP_200711/photos_rob/Sent_photos_bobby_christening/Photos_to_be_printed_online
F:\PHOTOS_TO_MERGE/FROM_NANCYLAP_200711/photos_rob/Verbier
F:\PHOTOS_TO_MERGE/FROM_NANCYLAP_200711/photos_rob/Verbier/bobby_tj_katty
F:\PHOTOS_TO_MERGE/FROM_NANCYLAP_200711/photos_rob/after_xmas_2006
F:\PHOTOS_TO_MERGE/FROM_NANCYLAP_200711/photos_rob/bobby_cookies_200701
F:\PHOTOS_TO_MERGE/FROM_NANCYLAP_200711/photos_rob/cham_xmas_2007
F:\PHOTOS_TO_MERGE/FROM_NANCYLAP_200711/photos_rob/nancy_roseeland_childhood_photos
F:\PHOTOS_TO_MERGE/FROM_NANCYLAP_200711/photos_rob/newest_photos_nikon_20070528
F:\PHOTOS_TO_MERGE/FROM_NANCYLAP_200711/photos_rob/newest_photos_nikon_20070528/Easter_2007
F:\PHOTOS_TO_MERGE/FROM_NANCYLAP_200711/photos_rob/newest_photos_nikon_20070528/katty_bday_20070528
F:\PHOTOS_TO_MERGE/FROM_NANCYLAP_200711/photos_rob/newest_photos_nikon_20070528/katty_soccer_game_200705
F:\PHOTOS_TO_MERGE/FROM_NANCYLAP_200711/photos_rob/newest_photos_nikon_20070528/tj_bike_200704
F:\PHOTOS_TO_MERGE/FROM_NANCYLAP_200711/photos_rob/newest_photos_nikon_20070528/tj_bobby_200704_huobrain_garden
F:\PHOTOS_TO_MERGE/FROM_NANCYLAP_200711/photos_rob/newest_photos_nikon_20070528/tj_bobby_katty_200704_huob
F:\PHOTOS_TO_MERGE/FROM_NANCYLAP_200711/photos_rob/serfaus_photos_from_sony
F:\PHOTOS_TO_MERGE/FROM_NANCYLAP_200711/photos_rob/serfaus_photos_from_sony/pics_only
F:\PHOTOS_TO_MERGE/FROM_NANCYLAP_200711/photos_rob/verbier_Original
F:\PHOTOS_TO_MERGE/FROM_NANCYLAP_200711/photos_rob/zoe_prom
F:\PHOTOS_TO_MERGE/MVineyard_photos
F:\PHOTOS_TO_MERGE/MVineyard_photos/nse_photos_grandkids_and_others
F:\PHOTOS_TO_MERGE/Nancy
F:\PHOTOS_TO_MERGE/ROB_photos_dupes_from_nanylap
F:\PHOTOS_TO_MERGE/ROB_photos_dupes_from_nanylap/20060108_bobby
F:\PHOTOS_TO_MERGE/ROB_photos_dupes_from_nanylap/600605_cham_ronnie
F:\PHOTOS_TO_MERGE/ROB_photos_dupes_from_nanylap/Bobby_with_TJ_and_Ronnie
F:\PHOTOS_TO_MERGE/ROB_photos_dupes_from_nanylap/Easter
F:\PHOTOS_TO_MERGE/ROB_photos_dupes_from_nanylap/Easter_2006_First_communion
F:\PHOTOS_TO_MERGE/ROB_photos_dupes_from_nanylap/June_2006bu
F:\PHOTOS_TO_MERGE/ROB_photos_dupes_from_nanylap/Nancy
F:\PHOTOS_TO_MERGE/ROB_photos_dupes_from_nanylap/Nancy/Babysitting_helpful_list
F:\PHOTOS_TO_MERGE/ROB_photos_dupes_from_nanylap/Nancy/Cranial_Sacri
F:\PHOTOS_TO_MERGE/ROB_photos_dupes_from_nanylap/Nancy/Emergency_Numbers
F:\PHOTOS_TO_MERGE/ROB_photos_dupes_from_nanylap/Nancy/Frau_Hodel
F:\PHOTOS_TO_MERGE/ROB_photos_dupes_from_nanylap/Nancy/Jacket
F:\PHOTOS_TO_MERGE/ROB_photos_dupes_from_nanylap/Nancy/May_2006
F:\PHOTOS_TO_MERGE/ROB_photos_dupes_from_nanylap/Nancy/Pictures
F:\PHOTOS_TO_MERGE/ROB_photos_dupes_from_nanylap/Nancy/Pictures/Bobby_edited
F:\PHOTOS_TO_MERGE/ROB_photos_dupes_from_nanylap/Nancy/Pictures/Bobby_original
F:\PHOTOS_TO_MERGE/ROB_photos_dupes_from_nanylap/Nancy/Pictures/Copy_photos_house_20050118
F:\PHOTOS_TO_MERGE/ROB_photos_dupes_from_nanylap/Nancy/Pictures/March_2006
F:\PHOTOS_TO_MERGE/ROB_photos_dupes_from_nanylap/Nancy/Pictures/March_2006_Edited
F:\PHOTOS_TO_MERGE/ROB_photos_dupes_from_nanylap/Nancy/Pictures/Nancy_and_Rob
F:\PHOTOS_TO_MERGE/ROB_photos_dupes_from_nanylap/Nancy/Pictures/TJ_and_Bobby_edited
F:\PHOTOS_TO_MERGE/ROB_photos_dupes_from_nanylap/Nancy/Pictures/TJ_and_Bobby_original
F:\PHOTOS_TO_MERGE/ROB_photos_dupes_from_nanylap/Nancy/Pictures/TJ_and_Papa
F:\PHOTOS_TO_MERGE/ROB_photos_dupes_from_nanylap/Nancy/Pictures/TJ_and_friends
F:\PHOTOS_TO_MERGE/ROB_photos_dupes_from_nanylap/Nancy/Pictures/We_are_Family
F:\PHOTOS_TO_MERGE/ROB_photos_dupes_from_nanylap/Nancy/Pictures/Wedding
F:\PHOTOS_TO_MERGE/ROB_photos_dupes_from_nanylap/Nancy/Pictures/photos_house_20050118
F:\PHOTOS_TO_MERGE/ROB_photos_dupes_from_nanylap/Nancy/Ronnie
F:\PHOTOS_TO_MERGE/ROB_photos_dupes_from_nanylap/Nancy/Sanitas
F:\PHOTOS_TO_MERGE/ROB_photos_dupes_from_nanylap/Nancy/Sent_pictures
F:\PHOTOS_TO_MERGE/ROB_photos_dupes_from_nanylap/Nancy/bobby_announcement
F:\PHOTOS_TO_MERGE/ROB_photos_dupes_from_nanylap/Nancy/wallet_size
F:\PHOTOS_TO_MERGE/ROB_photos_dupes_from_nanylap/New_incred
F:\PHOTOS_TO_MERGE/ROB_photos_dupes_from_nanylap/Original_Bobby_announcements
F:\PHOTOS_TO_MERGE/ROB_photos_dupes_from_nanylap/Torino_06_Closing_Ceremony_26feb06
F:\PHOTOS_TO_MERGE/ROB_photos_dupes_from_nanylap/alex_photos_from_mom/alex_bday
F:\PHOTOS_TO_MERGE/ROB_photos_dupes_from_nanylap/bob_photos_w_tj_n_kat
F:\PHOTOS_TO_MERGE/ROB_photos_dupes_from_nanylap/burj_dubai
F:\PHOTOS_TO_MERGE/ROB_photos_dupes_from_nanylap/burj_dubai/burj
F:\PHOTOS_TO_MERGE/ROB_photos_dupes_from_nanylap/deleware_photos_petes_cam_1
F:\PHOTOS_TO_MERGE/ROB_photos_dupes_from_nanylap/gran_cham_200604_easter_morn
F:\PHOTOS_TO_MERGE/ROB_photos_dupes_from_nanylap/grans_copyed_photos
F:\PHOTOS_TO_MERGE/ROB_photos_dupes_from_nanylap/grans_copyed_photos/Bob's_MV_2006
F:\PHOTOS_TO_MERGE/ROB_photos_dupes_from_nanylap/grans_copyed_photos/Falmouth_May_2006
F:\PHOTOS_TO_MERGE/ROB_photos_dupes_from_nanylap/grans_copyed_photos/Lakhdhirs_2006
F:\PHOTOS_TO_MERGE/ROB_photos_dupes_from_nanylap/grans_copyed_photos/MV_2006
F:\PHOTOS_TO_MERGE/ROB_photos_dupes_from_nanylap/grans_copyed_photos/Rickys_pics_2006
F:\PHOTOS_TO_MERGE/ROB_photos_dupes_from_nanylap/grans_copyed_photos/photos_need_captions
F:\PHOTOS_TO_MERGE/ROB_photos_dupes_from_nanylap/grans_photos_20060816
F:\PHOTOS_TO_MERGE/ROB_photos_dupes_from_nanylap/grans_photos_from_webbs/Mrs._Webb's_1971-1981
F:\PHOTOS_TO_MERGE/ROB_photos_dupes_from_nanylap/grans_photos_from_webbs/Mrs._Webb's_1971-1981/!973
F:\PHOTOS_TO_MERGE/ROB_photos_dupes_from_nanylap/grans_photos_from_webbs/Mrs._Webb's_1971-1981/1972
F:\PHOTOS_TO_MERGE/ROB_photos_dupes_from_nanylap/grans_photos_from_webbs/Mrs._Webb's_1971-1981/1974
F:\PHOTOS_TO_MERGE/ROB_photos_dupes_from_nanylap/grans_photos_from_webbs/Mrs._Webb's_1971-1981/1975
F:\PHOTOS_TO_MERGE/ROB_photos_dupes_from_nanylap/grans_photos_from_webbs/Mrs._Webb's_1971-1981/1976
F:\PHOTOS_TO_MERGE/ROB_photos_dupes_from_nanylap/grans_photos_from_webbs/Mrs._Webb's_1971-1981/1976/fall_76
F:\PHOTOS_TO_MERGE/ROB_photos_dupes_from_nanylap/grans_photos_from_webbs/Mrs._Webb's_1971-1981/1976/summer_76
F:\PHOTOS_TO_MERGE/ROB_photos_dupes_from_nanylap/grans_photos_from_webbs/Mrs._Webb's_1971-1981/1976/xmas_76
F:\PHOTOS_TO_MERGE/ROB_photos_dupes_from_nanylap/grans_photos_from_webbs/Mrs._Webb's_1971-1981/1977
F:\PHOTOS_TO_MERGE/ROB_photos_dupes_from_nanylap/grans_photos_from_webbs/Mrs._Webb's_1971-1981/1977/Fourth_of_July_1977
F:\PHOTOS_TO_MERGE/ROB_photos_dupes_from_nanylap/grans_photos_from_webbs/Mrs._Webb's_1971-1981/1978
F:\PHOTOS_TO_MERGE/ROB_photos_dupes_from_nanylap/grans_photos_from_webbs/Mrs._Webb's_1971-1981/1979
F:\PHOTOS_TO_MERGE/ROB_photos_dupes_from_nanylap/grans_photos_from_webbs/Mrs._Webb's_1971-1981/1980
F:\PHOTOS_TO_MERGE/ROB_photos_dupes_from_nanylap/grans_photos_from_webbs/Mrs._Webb's_1971-1981/Copy_of_!973
F:\PHOTOS_TO_MERGE/ROB_photos_dupes_from_nanylap/grans_photos_from_webbs/nancy_rob
F:\PHOTOS_TO_MERGE/ROB_photos_dupes_from_nanylap/halloween_2005_pics
F:\PHOTOS_TO_MERGE/ROB_photos_dupes_from_nanylap/katty_thankyou_letters
F:\PHOTOS_TO_MERGE/ROB_photos_dupes_from_nanylap/kids_cham_20060501
F:\PHOTOS_TO_MERGE/ROB_photos_dupes_from_nanylap/momscans
F:\PHOTOS_TO_MERGE/ROB_photos_dupes_from_nanylap/momscans/New_Folder
F:\PHOTOS_TO_MERGE/ROB_photos_dupes_from_nanylap/new_photos_cham_20060617
F:\PHOTOS_TO_MERGE/ROB_photos_dupes_from_nanylap/nse_easter_2006_photos_cham
F:\PHOTOS_TO_MERGE/ROB_photos_dupes_from_nanylap/olympics_200602
F:\PHOTOS_TO_MERGE/ROB_photos_dupes_from_nanylap/olympics_copy
F:\PHOTOS_TO_MERGE/ROB_photos_dupes_from_nanylap/photos_200607
F:\PHOTOS_TO_MERGE/ROB_photos_dupes_from_nanylap/photos_200607/100_PANA
F:\PHOTOS_TO_MERGE/ROB_photos_dupes_from_nanylap/photos_3_kids_20060312
F:\PHOTOS_TO_MERGE/ROB_photos_dupes_from_nanylap/photos_imn_cham_20060508
F:\PHOTOS_TO_MERGE/ROB_photos_dupes_from_nanylap/photos_long_beach_200608/100_PANA
F:\PHOTOS_TO_MERGE/ROB_photos_dupes_from_nanylap/photos_of_kids_200503_cham
F:\PHOTOS_TO_MERGE/ROB_photos_dupes_from_nanylap/rick_wedding_originals
F:\PHOTOS_TO_MERGE/ROB_photos_dupes_from_nanylap/semac_auditing
F:\PHOTOS_TO_MERGE/ROB_photos_dupes_from_nanylap/semac_auditing/2006-06,_U136763_qmalc_files
F:\PHOTOS_TO_MERGE/ROB_photos_dupes_from_nanylap/semac_auditing/Account_Statement_qmalc210_2005_files
F:\PHOTOS_TO_MERGE/ROB_photos_dupes_from_nanylap/shannon_movies
F:\PHOTOS_TO_MERGE/ROB_photos_dupes_from_nanylap/small_burj_dubai
F:\PHOTOS_TO_MERGE/copyfrom_lap_perhaps_nancylap_sept07
F:\PHOTOS_TO_MERGE/copyfrom_lap_perhaps_nancylap_sept07/NNS_and_WAP/1951-1958
F:\PHOTOS_TO_MERGE/copyfrom_lap_perhaps_nancylap_sept07/NNS_and_WAP/1958-1965
F:\PHOTOS_TO_MERGE/copyfrom_lap_perhaps_nancylap_sept07/NNS_and_WAP/1966_1967
F:\PHOTOS_TO_MERGE/copyfrom_lap_perhaps_nancylap_sept07/NNS_and_WAP/1968-1970
F:\PHOTOS_TO_MERGE/copyfrom_lap_perhaps_nancylap_sept07/NNS_and_WAP/Nancy_and_Bill_wedding_july_7_1951
F:\PHOTOS_TO_MERGE/from_stick
F:\PHOTOS_TO_MERGE/from_stick/marketiing
F:\PHOTOS_TO_MERGE/from_stick/newest_photos_nikon_20070528/Easter_2007
F:\PHOTOS_TO_MERGE/from_stick/newest_photos_nikon_20070528/katty_bday_20070528
F:\PHOTOS_TO_MERGE/from_stick/newest_photos_nikon_20070528/katty_soccer_game_200705
F:\PHOTOS_TO_MERGE/from_stick/newest_photos_nikon_20070528/tj_bike_200704
F:\PHOTOS_TO_MERGE/from_stick/newest_photos_nikon_20070528/tj_bobby_200704_huobrain_garden
F:\PHOTOS_TO_MERGE/from_stick/newest_photos_nikon_20070528/tj_bobby_katty_200704_huob
F:\PHOTOS_TO_MERGE/new_pics
F:\PHOTOS_TO_MERGE/new_pics/photos_for_xmas_card_2007/100NCD50
F:\PHOTOS_TO_MERGE/photoszug
F:\PHOTOS_TO_MERGE/photoszug/new_nikon_photos_20070709
F:\PHOTOS_TO_MERGE/summer_2007_pics
F:\PHOTOS_TO_MERGE/summer_2007_pics/Misc._summer_07
F:\PHOTOS_TO_MERGE/summer_2007_pics/PLO_Ocean_Aug_26,_2007
F:\PHOTOS_TO_MERGE/summer_2007_pics/PL_20070829_last_night_photos/100NCD50
F:\PHOTOS_TO_MERGE/summer_2007_pics/Pictures_to_print
F:\PHOTOS_TO_MERGE/summer_2007_pics/Pictures_to_print/jen_pete_party_2007a/part1
F:\PHOTOS_TO_MERGE/summer_2007_pics/Pictures_to_print/jen_pete_party_2007a/part2
F:\PHOTOS_TO_MERGE/summer_2007_pics/Pictures_to_print/jen_pete_party_2007a/part3
F:\PHOTOS_TO_MERGE/summer_2007_pics/Point_Lookout_2007/Bubble_Show,_NYC
F:\PHOTOS_TO_MERGE/summer_2007_pics/Point_Lookout_2007/Copies/Copy_Jen_and_Peter_E/Peter_and_Jen_Happy_Engagement
F:\PHOTOS_TO_MERGE/summer_2007_pics/Point_Lookout_2007/Copies/PLO_07_copy/Point_look_out_2007
F:\PHOTOS_TO_MERGE/summer_2007_pics/Point_Lookout_2007/PLO_Aug_7,_2007
F:\PHOTOS_TO_MERGE/summer_2007_pics/Point_Lookout_2007/PLO_Beach_RNKTB
F:\PHOTOS_TO_MERGE/summer_2007_pics/Point_Lookout_2007/PLO_Spiderman
F:\PHOTOS_TO_MERGE/summer_2007_pics/Point_Lookout_2007/PLO_beach_last_week
F:\PHOTOS_TO_MERGE/summer_2007_pics/Point_Lookout_2007/PLO_beach_last_week/Copy
F:\PHOTOS_TO_MERGE/summer_2007_pics/Point_Lookout_2007/Peter_and_Jen_Happy_Engagement
F:\PHOTOS_TO_MERGE/summer_2007_pics/Point_Lookout_2007/Sent
F:\PHOTOS_TO_MERGE/summer_2007_pics/Point_Lookout_2007/grans_200708_n_plookout/100NCD50
F:\PHOTOS_TO_MERGE/summer_2007_pics/Point_Lookout_2007/maz_charity_challenge_pics/101MSDCF
F:\PHOTOS_TO_MERGE/summer_2007_pics/Point_Lookout_2007/photos_from_20070713
F:\PHOTOS_TO_MERGE/summer_2007_pics/Print2
F:\PHOTOS_TO_MERGE/summer_2007_pics/Print_3
F:\PHOTOS_TO_MERGE/summer_2007_pics/US_Open_2007
F:\PHOTOS_TO_MERGE/summer_2007_pics/jen_pete_party_2007
F:\PHOTOS_TO_MERGE/summer_2007_pics/us_open_2007_n_pl_beach_last_day
NA
PHOTOSG3
PHOTOSG3/2004_Switzerland_Vacation_jeff_and_brit
PHOTOSG3/200505_photos_katerina_bday
PHOTOSG3/2006-05-21_photos_burj_dubai
PHOTOSG3/20060108_bobby
PHOTOSG3/20060108_bobby_court_eric_tj
PHOTOSG3/20060108_rob_court_eric_tj
PHOTOSG3/20060625_tj_birthday
PHOTOSG3/20060625_tj_birthday/June_25_2006
PHOTOSG3/200610_steph_jesse_zoe_maddy
PHOTOSG3/600605_cham_ronnie
PHOTOSG3/AAAfolder
PHOTOSG3/Aspen_2005_March
PHOTOSG3/BABY_BOBBY_PRIOR
PHOTOSG3/BABY_BOBBY_PRIOR/Baby_bobby_200512
PHOTOSG3/BABY_BOBBY_PRIOR/Copy_of_Baby_bobby__small_size_200512
PHOTOSG3/BABY_BOBBY_PRIOR/photos_bobby_and_nancy_beach
PHOTOSG3/Bobby
PHOTOSG3/Bobby_bday_and_New_Years_Day_07
PHOTOSG3/Bobby_with_TJ_and_Ronnie_200601
PHOTOSG3/Christmas_Gala_06
PHOTOSG3/Copy_of_saas_fee_photos_2005_eleanor_beau_emma_katty_tim_harry_nancy_peter_tj
PHOTOSG3/December_2006
PHOTOSG3/EastAtlanticBeach-8-2005
PHOTOSG3/Easter
PHOTOSG3/Easter_2006_First_communion
PHOTOSG3/Easter_2006_First_communion_2
PHOTOSG3/Easter_2007
PHOTOSG3/FLIMS_photos_2004
PHOTOSG3/Falmouth_May_2006
PHOTOSG3/Halloween_Cham_2004_photos
PHOTOSG3/Jeff_&_Brittin's_Wedding_April_2004
PHOTOSG3/Jeffrey_photo_Album/1994_Thanksgiving
PHOTOSG3/Jeffrey_photo_Album/2003_Back_Surgery
PHOTOSG3/Jeffrey_photo_Album/2003_Febuary_Elanore_visit
PHOTOSG3/Jeffrey_photo_Album/329_Meeting_House
PHOTOSG3/Jeffrey_photo_Album/B_group_priors_raleigh_jeff_baby
PHOTOSG3/Jeffrey_photo_Album/Boston_September_2002
PHOTOSG3/Jeffrey_photo_Album/Brit_in_Cham
PHOTOSG3/Jeffrey_photo_Album/Brittin
PHOTOSG3/Jeffrey_photo_Album/Carrie's_Birthday_Party
PHOTOSG3/Jeffrey_photo_Album/Christmas_at_Home
PHOTOSG3/Jeffrey_photo_Album/Europe_Spring_Break_1998
PHOTOSG3/Jeffrey_photo_Album/Europe_Spring_Break_1999
PHOTOSG3/Jeffrey_photo_Album/Germany_Summer_1999
PHOTOSG3/Jeffrey_photo_Album/Mike
PHOTOSG3/Jeffrey_photo_Album/Mike/Mike_Dessert_Shoot
PHOTOSG3/Jeffrey_photo_Album/O'Colly
PHOTOSG3/Jeffrey_photo_Album/OSU_Graduation
PHOTOSG3/Jeffrey_photo_Album/jeff_elke_baby_pics
PHOTOSG3/June_2006bu
PHOTOSG3/KATERINA_ALL
PHOTOSG3/KATERINA_ALL/200605_9th_Geburtstag_Katerina
PHOTOSG3/KATERINA_ALL/Katerina
PHOTOSG3/KATERINA_ALL/Katerina's_Bdayparty_2007
PHOTOSG3/KATERINA_ALL/Katerina's_Bdayparty_2007/cake
PHOTOSG3/KATERINA_ALL/Katerina's_Bdayparty_2007/pinata
PHOTOSG3/KATERINA_ALL/Katerina's_Bdayparty_2007/presents
PHOTOSG3/KATERINA_ALL/Katerina's_Bdayparty_2007/twister
PHOTOSG3/KATERINA_ALL/Rob-Katty-Sab
PHOTOSG3/KATERINA_ALL/Rob_&_Katty_2002_raleigh
PHOTOSG3/KATERINA_ALL/gran_and_katty_snuggle
PHOTOSG3/KATERINA_ALL/kat_1st_grade_1st_day
PHOTOSG3/KATERINA_ALL/kat_2001
PHOTOSG3/KATERINA_ALL/kat_2002
PHOTOSG3/KATERINA_ALL/kat_2003
PHOTOSG3/KATERINA_ALL/kat_and_moms_visit_cham_200111
PHOTOSG3/KATERINA_ALL/katerina_and_ari
PHOTOSG3/KATERINA_ALL/katerina_confirmation
PHOTOSG3/KATERINA_ALL/katerina_in_raleigh
PHOTOSG3/KATERINA_ALL/katerna_piano_200701
PHOTOSG3/KATERINA_ALL/katty_1st_kommunion_sabine_photos
PHOTOSG3/KATERINA_ALL/katty_5th_bday
PHOTOSG3/KATERINA_ALL/katty_ballet
PHOTOSG3/KATERINA_ALL/katty_ballet/katty_balletphotos
PHOTOSG3/KATERINA_ALL/katty_ballet_photos
PHOTOSG3/KATERINA_ALL/katty_bday_20070528
PHOTOSG3/KATERINA_ALL/katty_jogging_photos
PHOTOSG3/KATERINA_ALL/katty_makes_magic_show_200403
PHOTOSG3/KATERINA_ALL/katty_soccer_game_200705
PHOTOSG3/KATERINA_ALL/new_katty_photos
PHOTOSG3/KATERINA_ALL/new_photos
PHOTOSG3/KATERINA_ALL/non_katty_photos_ansel_adams_etc_for_saver
PHOTOSG3/Lakhdhirs_2006
PHOTOSG3/MOVIES
PHOTOSG3/MVineyard_photos
PHOTOSG3/MVineyard_photos/marthas_vineyard_trip_2003
PHOTOSG3/MVineyard_photos/mv_photos_200303_thru_200403
PHOTOSG3/MVineyard_photos/new_MV_photos
PHOTOSG3/MVineyard_photos/new_MV_photos/Bob's_MV_2006
PHOTOSG3/MVineyard_photos/new_MV_photos/MV_2006
PHOTOSG3/MVineyard_photos/new_MV_photos/MV_beach_etc_05
PHOTOSG3/MVineyard_photos/new_MV_photos/other_moms_pics_of_mv_and_wedding
PHOTOSG3/MVineyard_photos/photos_robs_cam_mv_and_july2005
PHOTOSG3/MVineyard_photos/summer_2004_mv_and_jesse_race
PHOTOSG3/May_2006_copy/May_2006
PHOTOSG3/Mrs._Webb's_1971-1981
PHOTOSG3/Mrs._Webb's_1971-1981/!973
PHOTOSG3/Mrs._Webb's_1971-1981/1972
PHOTOSG3/Mrs._Webb's_1971-1981/1974
PHOTOSG3/Mrs._Webb's_1971-1981/1975
PHOTOSG3/Mrs._Webb's_1971-1981/1976
PHOTOSG3/Mrs._Webb's_1971-1981/1976/fall_76
PHOTOSG3/Mrs._Webb's_1971-1981/1976/summer_76
PHOTOSG3/Mrs._Webb's_1971-1981/1976/xmas_76
PHOTOSG3/Mrs._Webb's_1971-1981/1977
PHOTOSG3/Mrs._Webb's_1971-1981/1977/Fourth_of_July_1977
PHOTOSG3/Mrs._Webb's_1971-1981/1978
PHOTOSG3/Mrs._Webb's_1971-1981/1979
PHOTOSG3/Mrs._Webb's_1971-1981/1980
PHOTOSG3/Mrs._Webb's_1971-1981/Copy_of_!973
PHOTOSG3/My_Videos
PHOTOSG3/NANNYPICS
PHOTOSG3/NANNYPICS/NANNYPICScropped
PHOTOSG3/NANNYPICS/small_size_NANNYPICScropped
PHOTOSG3/NNS_and_WAP/1951-1958
PHOTOSG3/NNS_and_WAP/1958-1965
PHOTOSG3/NNS_and_WAP/1966_1967
PHOTOSG3/NNS_and_WAP/1968-1970
PHOTOSG3/NNS_and_WAP/Nancy_and_Bill_wedding_july_7_1951
PHOTOSG3/Nancy
PHOTOSG3/Nancy/Jacket
PHOTOSG3/Nancy/May_2006
PHOTOSG3/Nancy/Pictures
PHOTOSG3/Nancy/Pictures/Bobby_edited
PHOTOSG3/Nancy/Pictures/Bobby_original
PHOTOSG3/Nancy/Pictures/Copy_photos_house_20050118
PHOTOSG3/Nancy/Pictures/March_2006
PHOTOSG3/Nancy/Pictures/March_2006_Edited
PHOTOSG3/Nancy/Pictures/Nancy_and_Rob
PHOTOSG3/Nancy/Pictures/TJ_and_Bobby_edited
PHOTOSG3/Nancy/Pictures/TJ_and_Bobby_original
PHOTOSG3/Nancy/Pictures/TJ_and_Papa
PHOTOSG3/Nancy/Pictures/TJ_and_friends
PHOTOSG3/Nancy/Pictures/We_are_Family
PHOTOSG3/Nancy/Pictures/Wedding
PHOTOSG3/Nancy/Pictures/photos_house_20050118
PHOTOSG3/Nancy/Sent_pictures
PHOTOSG3/Nancy/bobby_announcement
PHOTOSG3/Nancy_and_Rob_Gala
PHOTOSG3/New_Folder
PHOTOSG3/New_Folder/EastAtlanticBeach-8-2005
PHOTOSG3/New_Folder/july2005
PHOTOSG3/New_Folder/momspics
PHOTOSG3/New_Folder/new_photos_from_cham
PHOTOSG3/New_incred
PHOTOSG3/Original_Bobby_announcements
PHOTOSG3/Picture
PHOTOSG3/Picturepete
PHOTOSG3/Rickys_pics_2006
PHOTOSG3/Rob_John_and_Jeff_Bike_Ride
PHOTOSG3/Robs_October_Pics
PHOTOSG3/Robs_October_Sony_Pics
PHOTOSG3/Robs_Party
PHOTOSG3/Sample_Images/Flower
PHOTOSG3/Sample_Images/Nature
PHOTOSG3/Sample_Images/Travel
PHOTOSG3/School_Documents_zoe_ari
PHOTOSG3/Swiss_pics
PHOTOSG3/TJ
PHOTOSG3/TJ/new_photos_from_cham
PHOTOSG3/TJ/tj_alta
PHOTOSG3/TJ/tj_alta/40%_tj_alta
PHOTOSG3/TJ/tj_alta/sm_tj_alta
PHOTOSG3/TJ/tj_benjamin_lampman
PHOTOSG3/TJ_PICTURES_2003_with_anje_in_zug
PHOTOSG3/TJ_katty_boo_200503__zug
PHOTOSG3/To_be_sorted_photos_jeff_renner
PHOTOSG3/Torino_06_Closing_Ceremony_26feb06
PHOTOSG3/Verbier
PHOTOSG3/Verbier/bobby_tj_katty
PHOTOSG3/Verbier_original_200612
PHOTOSG3/Verbier_original_200612/Original
PHOTOSG3/Wedding_jeff_brit
PHOTOSG3/Wedding_jeff_brit/Bob's_Pics
PHOTOSG3/Wedding_jeff_brit/Shinu+Omead's_Pics
PHOTOSG3/Xmas_photos_over_years_scanned
PHOTOSG3/Zug_05
PHOTOSG3/Zug_Cham_05
PHOTOSG3/Zug_May_'05
PHOTOSG3/after_xmas_2006
PHOTOSG3/alaska_trip
PHOTOSG3/alex_actual_bday_photos_from_bob
PHOTOSG3/alex_baby_pics_compiled_for_50th
PHOTOSG3/alex_baby_pics_compiled_for_50th/non_alex_photos
PHOTOSG3/alex_baby_pics_compiled_for_50th/non_alex_photos/chopped
PHOTOSG3/alex_house_renovate
PHOTOSG3/alex_tatoo_photos
PHOTOSG3/ariadne
PHOTOSG3/at_stephs_summer_2002
PHOTOSG3/bob_photos_w_tj_n_kat_200601
PHOTOSG3/bobby_christening_pics
PHOTOSG3/bobby_christening_pics/Bobby_Christening
PHOTOSG3/bobby_christening_pics/Bobby_Christening/Original
PHOTOSG3/bobby_cookies_200701
PHOTOSG3/brian_nice_wedding_memphis
PHOTOSG3/burj_dubai
PHOTOSG3/burj_dubai/burj
PHOTOSG3/cham200701
PHOTOSG3/cham_scenery_from_a_bike
PHOTOSG3/cham_xmas_2007
PHOTOSG3/cosmos_lax_photos
PHOTOSG3/dads_w.a._prior__photos
PHOTOSG3/dads_w.a._prior__photos/Dad_Army
PHOTOSG3/dads_w.a._prior__photos/Dad_Scrapbook
PHOTOSG3/dads_w.a._prior__photos/Dad_Youth
PHOTOSG3/darrel_barros_photos
PHOTOSG3/deleware_photos_petes_cam_1
PHOTOSG3/disney_trip_photos_2004
PHOTOSG3/docs_as_memories
PHOTOSG3/east_corinth_and_rick_sayles
PHOTOSG3/easter_break_photos_2005_eleanor_beau_emma_katty_tim_harry_nancy_peter_tj
PHOTOSG3/eleanor_nick_wedding
PHOTOSG3/gladstein_pictures
PHOTOSG3/gran_cham_200604_easter_morn
PHOTOSG3/gran_photos_200604_easter_cham
PHOTOSG3/grans_photos_20060816
PHOTOSG3/haldenstrasse
PHOTOSG3/halloween_2005_pics
PHOTOSG3/halloween_photos_2005
PHOTOSG3/halloween_pics_smalls
PHOTOSG3/halloween_pics_smalls/smallest
PHOTOSG3/halloween_zug_2003
PHOTOSG3/harley_trip_1
PHOTOSG3/house_photos_200510
PHOTOSG3/house_photos_200510/named
PHOTOSG3/house_renovations_200512
PHOTOSG3/hut_hike_photos_2004_Capanna_Cadagno_Sept_04
PHOTOSG3/iphonephotos/xmas_party_mum_kids_club_200712_bobby_nancy_tj_santa
PHOTOSG3/iphonephotos/zugflames_camp_200711_garmisch
PHOTOSG3/jeff_brittin_francois_nicole_eric_barth_NiteAtTheShiff
PHOTOSG3/katty_comunion_phtos_gran_cam
PHOTOSG3/katty_thankyou_letters
PHOTOSG3/kids_cham_20060501
PHOTOSG3/kids_cham_20060501_2
PHOTOSG3/kidscham_30%
PHOTOSG3/loosephotos
PHOTOSG3/lucy_harry_pics
PHOTOSG3/luzern_race
PHOTOSG3/marathon_photos
PHOTOSG3/mike_and_shinu_wedding_photos__oct_2004_katerina_took
PHOTOSG3/mike_and_shinu_wedding_photos__oct_2004_katerina_took/Mike_&Shanus_wedding_bobs_pics
PHOTOSG3/mike_and_shinu_wedding_photos__oct_2004_katerina_took/mike_shinu_tor_photos
PHOTOSG3/mike_and_shinu_wedding_photos__oct_2004_katerina_took/mike_wedding
PHOTOSG3/mike_and_shinu_wedding_photos__oct_2004_katerina_took/photos_shinu_wedding
PHOTOSG3/moms_photos
PHOTOSG3/moms_photos/moms_visit_part_2_demeter_baby_shower
PHOTOSG3/moms_photos/tj_nancy_mom_landon_mom_visit_switzerland_200505
PHOTOSG3/moms_photos2
PHOTOSG3/moms_photos2/moms_visit_part_2_demeter_baby_shower
PHOTOSG3/moms_photos2/tj_nancy_mom_landon_mom_visit_switzerland_200505
PHOTOSG3/momscans
PHOTOSG3/momscans/New_Folder
PHOTOSG3/momspics
PHOTOSG3/mothers_day_and_bern_race_photos
PHOTOSG3/mothers_day_photos_20040508
PHOTOSG3/nancy_photos
PHOTOSG3/nancy_photos/nancy_headshots
PHOTOSG3/nancy_photos/nancy_housework_dishes
PHOTOSG3/nancy_rob
PHOTOSG3/nancy_rob_rina_tj_hut_hike_spet_2004
PHOTOSG3/nancy_rob_rina_tj_hut_hike_spet_2004/nancy_skiiing_photos
PHOTOSG3/nancy_roseeland_childhood_photos
PHOTOSG3/nancy_roseeland_childhood_photos/need_names_nancy_child_photos
PHOTOSG3/nancy_roseeland_childhood_photos/need_names_nancy_child_photos/raw_files
PHOTOSG3/nancy_roseeland_childhood_photos_2/nancy_roseeland_childhood_photos
PHOTOSG3/new_photos_cham_20060617
PHOTOSG3/new_photos_katty_project_skiing
PHOTOSG3/newsletter_temp_pics
PHOTOSG3/nse_Photos_by_mom
PHOTOSG3/nse_Photos_by_mom/norty_college_album
PHOTOSG3/nse_easter_2006_photos_cham
PHOTOSG3/nse_photos_200604
PHOTOSG3/nse_photos_200604/Oct._2005_nse_photos
PHOTOSG3/nse_photos_200604/Oct._2005_nse_photos/xmas_,05
PHOTOSG3/nse_photos_from_memoirs/1946-1950
PHOTOSG3/nse_photos_from_memoirs/2005_0717
PHOTOSG3/nse_photos_from_memoirs/2005_0721
PHOTOSG3/nse_photos_from_memoirs/Camp_Kehonka_1944_Camp_Kehonka
PHOTOSG3/nse_photos_from_memoirs/Kulleseids_Jan_23_05
PHOTOSG3/nse_photos_from_memoirs/NNS_and_WAP
PHOTOSG3/nse_photos_from_memoirs/Nancy_and_Bill_wedding_july_7_1951
PHOTOSG3/nse_photos_from_memoirs/Norton_Relatives
PHOTOSG3/nse_photos_from_memoirs/Prior_relatives
PHOTOSG3/nse_photos_from_memoirs/Sayles_relatives
PHOTOSG3/nse_photos_from_memoirs/The_Gates_05
PHOTOSG3/nse_photos_from_memoirs/a_preprint_folder
PHOTOSG3/nse_photos_from_memoirs/before_1950
PHOTOSG3/nse_photos_from_memoirs/life_at_Mrs._Webb's
PHOTOSG3/nse_photos_from_memoirs/norty_college_album
PHOTOSG3/nse_photos_from_memoirs/scanned_2005-01-25
PHOTOSG3/nse_photos_wedding_rob_nancy
PHOTOSG3/olympics_200602
PHOTOSG3/olympics_copy
PHOTOSG3/other_ricks_pics_from_mv_and_wedding
PHOTOSG3/other_ricks_pics_from_v_and_wedding
PHOTOSG3/philly_house_pictures
PHOTOSG3/photos_20050106
PHOTOSG3/photos_200607
PHOTOSG3/photos_200607/100_PANA
PHOTOSG3/photos_3_kids_20060312
PHOTOSG3/photos_ffrom_camera
PHOTOSG3/photos_for_emails
PHOTOSG3/photos_for_emails/Copy_of_from_iphone
PHOTOSG3/photos_for_emails/Copy_of_katerna_piano_200701_smallsize
PHOTOSG3/photos_for_emails/from_iphone
PHOTOSG3/photos_for_emails/nancy_card_or_movie
PHOTOSG3/photos_for_emails/newphotos_for_emails
PHOTOSG3/photos_for_emails/newpics
PHOTOSG3/photos_for_emails/small_newpics
PHOTOSG3/photos_for_emails/smaller_of_newphotos_for_emails
PHOTOSG3/photos_for_emails/torinoolympics2006
PHOTOSG3/photos_for_emails/tufts_xmas_email_photos_2006
PHOTOSG3/photos_for_emails/tufts_xmas_email_photos_2006/same_photos_in_orig_size
PHOTOSG3/photos_from_LA_trip_with_steph
PHOTOSG3/photos_from_djerba_2005_1
PHOTOSG3/photos_from_djerba_2005_1/BIGS_resized
PHOTOSG3/photos_from_djerba_2005_1/SMALLS
PHOTOSG3/photos_from_offfice_of_rigi
PHOTOSG3/photos_from_offfice_of_rigi/office_shots
PHOTOSG3/photos_from_rp_emails
PHOTOSG3/photos_from_rp_phone_20060419
PHOTOSG3/photos_imn_cham_20060508
PHOTOSG3/photos_long_beach_200608/100_PANA
PHOTOSG3/photos_montecarlo
PHOTOSG3/photos_montecarlo/photos_montecarlofor_nse
PHOTOSG3/photos_montecarlo_2
PHOTOSG3/photos_of_house_renovate_20051128
PHOTOSG3/photos_of_house_renovate_20051128/photos_of_house_renovate_20051128_smaller
PHOTOSG3/photos_of_kids_200503_cham
PHOTOSG3/photos_of_kids_200503_cham/select
PHOTOSG3/photos_of_kids_200503_cham_2
PHOTOSG3/photos_of_kids_200503_cham_3
PHOTOSG3/photos_of_kids_at_grans_200703
PHOTOSG3/photos_of_mateo_grassi_chairs
PHOTOSG3/photos_tj_katerina_nancy_rob_skating_200502
PHOTOSG3/pictures_from_dublin_and_cork
PHOTOSG3/possible_dupes
PHOTOSG3/ricks
PHOTOSG3/ricks_pics_colorado
PHOTOSG3/ricks_wedding_photos_200507
PHOTOSG3/ricks_wedding_photos_200507/alex_skinny_dip
PHOTOSG3/ricks_wedding_photos_200507/rick_wedding_originals
PHOTOSG3/ricks_wedding_photos_200507/upload_to_kodak_and_send_to_boo
PHOTOSG3/ricks_wedding_photos_200507/upload_to_kodak_and_send_to_boo/boo_prints_[these_are_all_copies]
PHOTOSG3/rob_bobby_swim_beach_200607
PHOTOSG3/rob_child_photo_coppies
PHOTOSG3/rob_triathalon
PHOTOSG3/rob_zug_triathalon_200306
PHOTOSG3/robby_letter_to_alex_steph
PHOTOSG3/ronphotos_scanned
PHOTOSG3/saas_fee_photos_2005_eleanor_beau_emma_katty_tim_harry_nancy_peter_tj
PHOTOSG3/sabine_katty_photos
PHOTOSG3/sabine_katty_photos/sabine_photos
PHOTOSG3/sabine_katty_photos/sabine_photos/sabine_photos
PHOTOSG3/sefaus__pics
PHOTOSG3/shannon_movies
PHOTOSG3/shannon_movies_2
PHOTOSG3/shanonn_pics
PHOTOSG3/small_burj_dubai
PHOTOSG3/steph_al_in_zug_2002
PHOTOSG3/stephs_summer_photos_2004
PHOTOSG3/summer_2007_pics
PHOTOSG3/summer_2007_pics/Curious_George-_Sing-A-Longs_and_Lullabies
PHOTOSG3/summer_2007_pics/MVineyard_photos
PHOTOSG3/summer_2007_pics/MVineyard_photos/nse_photos_grandkids_and_others
PHOTOSG3/summer_2007_pics/Misc._summer_07
PHOTOSG3/summer_2007_pics/PLO_Ocean_Aug_26,_2007
PHOTOSG3/summer_2007_pics/PLO_beach_last_week
PHOTOSG3/summer_2007_pics/PLO_beach_last_week/Copy
PHOTOSG3/summer_2007_pics/PL_20070829_last_night_photos/100NCD50
PHOTOSG3/summer_2007_pics/Pictures_to_print
PHOTOSG3/summer_2007_pics/Point_Lookout_2007
PHOTOSG3/summer_2007_pics/Point_Lookout_2007/Bubble_Show,_NYC
PHOTOSG3/summer_2007_pics/Point_Lookout_2007/Copies/Copy_Jen_and_Peter_E/Peter_and_Jen_Happy_Engagement
PHOTOSG3/summer_2007_pics/Point_Lookout_2007/Copies/PLO_07_copy/Point_look_out_2007
PHOTOSG3/summer_2007_pics/Point_Lookout_2007/PLO_Aug_7,_2007
PHOTOSG3/summer_2007_pics/Point_Lookout_2007/PLO_Beach_RNKTB
PHOTOSG3/summer_2007_pics/Point_Lookout_2007/PLO_Spiderman
PHOTOSG3/summer_2007_pics/Point_Lookout_2007/Peter_and_Jen_Happy_Engagement
PHOTOSG3/summer_2007_pics/Point_Lookout_2007/grans_200708_n_plookout/100NCD50
PHOTOSG3/summer_2007_pics/Point_Lookout_2007/maz_charity_challenge_pics/101MSDCF
PHOTOSG3/summer_2007_pics/Point_Lookout_2007/photos_from_20070713
PHOTOSG3/summer_2007_pics/Print2
PHOTOSG3/summer_2007_pics/Print_3
PHOTOSG3/summer_2007_pics/jen_pete_party
PHOTOSG3/summer_2007_pics/jen_pete_party/100NCD50
PHOTOSG3/summer_2007_pics/us_open_2007_n_pl_beach_last_day
PHOTOSG3/thanksgiving_boston_2006
PHOTOSG3/thanksgiving_grosches_2006
PHOTOSG3/tim_brownell
PHOTOSG3/tj_bobby_200704_huobrain_garden
PHOTOSG3/tortolla
PHOTOSG3/triathalon_2007
PHOTOSG3/triathalon_zufi_jesse_susie_rob
PHOTOSG3/triathaloon
PHOTOSG3/trip_to_usa__photos_spring_2004
PHOTOSG3/tufts_crew_katies_memorial_photos
PHOTOSG3/tufts_pics
PHOTOSG3/tufts_reunion
PHOTOSG3/unnamed_wedding
PHOTOSG3/unnamed_wedding/cops
PHOTOSG3/vermont_ski_vacation_hull_prior_grosch
PHOTOSG3/wedding_album_final
PHOTOSG3/wedding_nancy_rob_momspics
PHOTOSG3/wedding_pics_from_robs_camera_200507
PHOTOSG3/white_house
PHOTOSG3/xmas_2002
PHOTOSG3/xmas_2005
PHOTOSG3/xmas_garrison_2005
PHOTOSG3/zoe_and_ari_School_Documents
PHOTOSG3/zoe_dancing
PHOTOSG3/zug_flames_hockey_party_2003_april
PHOTOSG3/zug_flames_hockey_party_2003_april/Stockholm_zug_flames_hockey_trip
PHOTOSG3/zug_flames_hockey_party_2003_april/zug_flames_2002_season
PHOTOSG3/zug_flames_hockey_party_2003_april/zug_flames_vs_skandia_april30
PHOTOSG3/zug_office_photos
