DOCTOR MEDIKONT
CATERING COMME_IL_FAUT
AERTZTEKASSE_ZE AERTZTEKASSE
ALL_FOR_KIDS,_B ALL_FOR_KIDS
ALPHA_FOTO_GMBH ALPHA_FOTO_GMBH
AMAG AMAG
AMT_FUER_MIGRAT AMT_FUER_MIGRATION_
AUTO_KAISER_AG, AUTO_KAISER_AG
AXA AXA
BADER_VERSAND BADER_VERSAND
BARBARA_SIMON BARBARA_SIMON
BEATA_HUBER BEATA_HUBER
BEAT_KEISER BEAT_KEISER
HOMEWARE BED_&_TABL
BONFIELD BONFIELD
BRUDERUS_HEIZTE BRUDERUS_HEIZTECHNIK
COURTNEY_MALCAR COURTNEY_MALCARNE
DHL DHL
DIE_SCHWEIZERIS DIE_SCHWEIZERISCHE_POST,_POSTMAIL_ADDRES
DVP_DEUTSCHER_P DVP_DEUTSCHER_PRESSEVERTRIEB,_20355_HAMB
EINWHONERGEMEIN EINWHONERGEMEIND
EXAGON EXAGON_AG
F-K_MARINE_SERV F-K_MARINE_SERVICE
FITNESS-PARK_ZU FITNESS-PARK_ZUG
FRANZ_KUNG,_MAR FRANZ_KUNG,_MARINE_SERVICE,_6300_ZUGBOAT
LEGAL FRAU_LIC.IUR_ANDREA_HODEL,_POSTFACH_4339
FRAU_SIEW_HEONG FRAU_SIEW_HEONG_SEE,_5637_BEINWIL_(FREIA
FRETZ_KANAL-SER FRETZ_KANAL-SERVICE_AG,_POSTFACH_5052,_6
GEMEINDE_HUENEN GEMEINDE_HUENENBERG,_CHAMERSTRASSE_11,_6
GERICHTSKASSE GERICHTSKASSE,_STAATSANWALTSCHAFT,_6301_
GLOBAL_COLLECT, GLOBAL_COLLECT,_9001_ST._GALLENIHT_2_YEA
H._OTTH_AG,_LAT H._OTTH_AG,_LATTICHSTRASSE_8A,_6340_BAAR
HANDELSREGISTER HANDELSREGISTERAMT_DES_KANTONS,_ZUG,_POS
HURLIMANN_JANET HURLIMANN_JANET_AND_PATRICK,_6330_CHAMTJ
INNENDEK INNENDEK.AMFISCHMARKT_H.IRZIK,_FISCHMARK
INNENDEK INNENDEKORATION_AM_FISCHMARKT,_HARALD_WI
INTERABO_BETREU INTERABO_BETREUNGS_GMBH,_FUER_INTERNATIL
MUMKIDS INTERNATIONAL_MUMS_AND_KIDS_CLUB,_8925_E
MUMKIDS INTERNATION_MUMS_AND_KIDS_CLUB,_IMKC,_89
CATERING IRENE_KALT,_SEEWEG_8,_6330_CHAMHALLOWEEN
JUGENDTURNEN_TV JUGENDTURNEN_TV_1884_CHAM,_6330_CHAMMUKI
STEUER STEUERVERWALTUNG
STEUER KANTONAL_STEUERVERWALTUNG{NEW},_BEZUGSAB
KUENG_FRANZ,_MA KUENG_FRANZ,_MARINE_SERVICE,_6311_HUENEN
LABOR_DR._GUENT LABOR_DR._GUENTERT_AG,_6005_LUZERNKATTY_
LANDHOUSZONE_HU LANDHOUSZONE_HUOBRAIN,_C/O_FOGLIA_TREUHA
LANDTWING_ELEKT LANDTWING_ELEKTRO,_6300_ZUGWIRING_HOUSE
LIFESTYLEMANAGE LIFESTYLEMANAGERS_GMBH,_ALTE_KAPPELERSTR
MARCEL_UND_PRIS MARCEL_UND_PRISKA,_GüNTERT-ROGENMOSER,_S
MARY_LAWLER-HUO MARY_LAWLER-HUONDER,_RINGSTRASSE_10,_634
MATHIEU_LONGPRE MATHIEU_LONGPRE,_6333_HüNENBERG_SEEGIFT_
MATTHIAS_TRINLE MATTHIAS_TRINLER,_6331_HüNENBERGTAX_PREP
MEDICA_MED._LAB MEDICA_MED._LABORATORIEN,_DR._F._KAEPPEL
MICROSOFT_DIREC MICROSOFT_DIRECT_SERVICE,_POSTFACH,_8021
MOEBEL-MAERKI_H MOEBEL-MAERKI_HANDELS_AG,_HAUPTSTRASSE_2
MOEBEL_PFISTER_ MOEBEL_PFISTER_AG,_BERNSTR_OST_49,_5034_
NESTLE_NESPRESS NESTLE_NESPRESSO_SA,_ROUTE_DU_LAC_3,_109
NICOLE_LONGPRE, NICOLE_LONGPRE,_EICHMATTSTRASSE_122B,_63
OTHMAR_LIMACHER OTHMAR_LIMACHER,_DORFGAESSLI_14,_6330_CH
PETER_WEISS,_EL PETER_WEISS,_ELEKTROTECHN_UNTERNEHMEN,_6
PHILLIPP_BUHOFE PHILLIPP_BUHOFER,_SCHOENAU,_6332_HAGENDO
PIUS_MUELLER-WI PIUS_MUELLER-WI
POWDER_WHITE_LT POWDER_WHITE_LD,_ENGLANDVERBIER_HOUSE
PRV_PROVIDES,_P PRV_PROVIDES,
ROENTGENINSTITU ROENTGENINSTITUT_CHAM_AG_1,_6330_CHAMMRI
SCHIBIG_ERWIN,_ SCHIBIG_ERWIN,_EINHORNWEG_9B,_6331_HüNEN
TOWERWALLS SCHWERI_AND_VON_EUW_GMBH,_UNTERLAGS-BODE
SCHWERI_AND_VON SCHWERI_AND_VON_EUW_GMBH,_WIENE,_6330_CH
DOCTOR  SINOSWISS_MEDICAL_AG,_BAHNHOFSTRASSE_32,
TOWERRENT SM_IMMOBILIEN_SCHWERI
SPITEX SPITEX_HUENENBERG,_EICHENGASSE_9,_6301_Z
SPITEX SPITEX_KANTON_ZUG,_6304_ZUG
STEINMANN_HAUST STEINMANN_HAUSTECHNIK_AG,_6340_BAARPLUMB
STEPHAN_KAMER STEPHAN_KAMER
BOUTIQE SUNANDA,_GLOOR-BIRCHLER_URSULA,_6330_CHA
TENNISCLUB_HUEN TENNISCLUB_HUENENB
TENNIS_AND_SQUA TENNIS_AND_SQUAS
UBS_AG UBS_AG
UTIGER_MALER_AG UTIGER_MALER
TOWERRENT WASSER_UND_ELEKTRIZTATS
INSURANCE WINTERTHUR
ZAHNAERZTEKASSE ZAHNAERZTEKASSE_
ZUGER_EISLAUFVE ZUGER_EISLAUFVE
ZUG_INTERNATION ZUG_INTERNATIONAL_WOMENS_CLUB
